label_history,accuracy_history
20,0.4081000089645386
30,0.4426000118255615
