label_history,accuracy_history
20,0.392300009727478
30,0.5188999772071838
